term,Label
 js confirm,0
%0A,0
180*2+170*2,0
180*2+170*2,0
21000/3600,0
3player,0
3utools,0
3utools,0
API api.popululation,0
API python tạo gui ,0
Bên phải,0
Bên phải%0A,0
Bệnh viện%0A,0
Census Bureau API free,0
Chip dragon 665,0
Cơ cấu giải thưởng FFWS SEA Spring 2024,0
FB,0
FB,0
FPT Durian,0
GET https://api.football-data.org/v4/matches,0
GUI java,0
GUI java,0
Giao diện hệ điều hành lunux,0
Giao diện hệ điều hành lunux,0
Giao diện trang web,0
Giải đấu ff bảng giá tiền thưởng,1
Gợi ý dựa trên lịch sử tìm kiếm code python,0
Hủy là hội viện của kênh youtobe,0
Hủy tự động gia hạn ytb android,0
Hủy tự động gia hạn ytb android kênh,0
Jquery-confirm,0
Jquery-confirm,0
Jquery-confirm,0
Jquery-confirm,0
Keyword not supported: 'trust server certificate sql connext visral,0
Khoa điện tử,0
Khoa điện tử TNUT,0
Khoa điện tử TNUT,0
Láº%C2%ADu 6:gate.kpahz.pr,0
Lỗi khi ghép phiên bản,0
Mua Máy giặt,1
Mua Tivi,1
Mua sim,1
Nhà%0A,0
Shoppee,1
Tao ảnh bìa online,0
Tao ảnh bìa online,0
Taok ảnh bìa online,0
Tiếng Tinh edit video,0
"Tên fiel phân biệt chữ hoa , chữ thường",0
Tên file phân biệt chữ hoa chữ thường,0
Tên file phân biệt chữ hoa chữ thường,0
Tạo ảnh bìa FB,0
Tạo ảnh bìa FB,0
Viết cấu trúc sql trả về json,0
WIN SCP,0
WIN SCP,0
Xuyên Không Thanh Niên Lười Biếng Tu Luyện Chỉ Biết Ăn Và Nằm Bị Cả Môn Phái Coi Thường P77,0
Xuyên ko vào gia dinh vip pro,0
YouTube,0
YouTube,0
acme tolls,0
angelchip emulator,0
angelchip emulator,0
anhr gai biki,0
anhr gai biki,0
anime,0
anime hay,0
anime hay,0
animehay rv,0
animehay rv,0
aoi gold world fre,0
api football,0
api football,0
api gold,0
api gold free,0
api gold free,0
api gold free,0
api gold world fre,0
api gold world fre,0
api gold world fre,0
api goldfish,0
api key maps free,0
api key maps free,0
api về dân số 2024,0
api weather api,0
api weather api,0
b,0
buff fl tiktok,0
bênh viện,0
bệnh viện,0
canva,0
chat gpt,0
chat gpt,0
chuột không thao tác click dc win10,0
chuột không thao tác click dc win10,0
chuột nhấn giữ thay vì click,0
chuột nhấn giữ thay vì click,0
chỉnh sửa mic lapyop sao cho ghi âm ko nghe tiếng quạt,0
chỉnh sửa mic lapyop sao cho ghi âm ko nghe tiếng quạt,0
chỉnh độ sáng obs studio,0
chỉnh độ sáng obs studio,0
cloud camera fpt,0
cloud camera fpt,0
cloud server giá rẻ phù hợp,1
cloud server giá rẻ phù hợp,1
cloudfly,0
cloudfly,0
code api nodejs,0
code game java ,0
confirm,0
confirm,0
copilot,0
curl -X GET 'https://www.goldapi.io/api/XAU/USD' \ -H 'x-access-token: goldapi-1fypzslw62xecy-io',0
cv sinh viên it mới ra trường,0
cv sinh viên it mới ra trường,0
cv sinh viên it mới ra trường,0
cv sinh viên it mới ra trường,0
cài jdk trên raspi,0
cài jdk trên raspi,0
cách làm hiển thị tất cả các file có trong thư mục,0
cách làm hiển thị tất cả các file có trong thư mục,0
câu lệnh kết nối mạng cmd,0
date and datetime in sql,0
developer microsoft,0
dldl h̀,0
dldl h̀,0
doitieuvip,0
duckdns,0
dungf GPU kieu gi,0
dungf car kieu gi,0
dungf car kieu gi,0
duy nhất,0
duy nhất KPAH ghép pb,0
duynhatvps,0
eclipse download,0
eclipse download,0
email,0
emulator,0
emulator,0
fb,0
fb,0
fb,0
fb,0
fb',0
fb',0
ff đấu giải,0
form energy careers,0
fpt.durian,0
freeasphosting,0
gg AI,0
gg classroom,0
gg classroom,0
gg cloud console,0
gg drive,0
gg drive,0
gg dịch,0
gg dịch,0
gg dịch,0
gg translate tiện ích,0
github,0
github,0
gmail,0
gmail,0
google charts line chart,0
hhkungfu,0
hiển thị đuôi file win 10,0
hiển thị đuôi file win 10,0
hướng dẫn lấy pass wifi khi biết địa chỉ MAC vs IP,0
hướng dẫn lấy pass wifi khi biết địa chỉ MAC vs IP,0
hệ điều hành openset,0
hệ điều hành openset,0
hệ điều hành osetup,0
hủy làm hội viên kênh youtube,0
icon icon,0
ionicon,0
j40 ?,0
j40 lien quan ,0
jQuery confirm dialog,0
jQuery confirm dialog,0
java gui,0
javascript,0
jcomphim,0
jcomphim,0
jd gui,0
jd gui,0
jd gui,0
jdk 21,0
jdk 21,0
jquery-confirm,0
js confirm,0
js confirm,0
js confirm,0
js confirm,0
key pro vmware workstation 17,0
key pro vmware workstation 17,0
kham da kpah,0
kham da kpah',0
khamr da kpah,0
khoa điện tử,0
khoa điện tử,0
khung dình tikyok,0
khung dình tikyok,0
khung hình video tiktok,0
kiểu dữ liệu image trong sql server,0
kiểu dữ liệu image trong sql server,0
kiểu dữ liệu image trong sql server,0
kpah2.com,0
kpah2.com,0
kpahz.pro,0
kpahz.pro,0
kích ngũ hàng,0
kích ngũ hành kpah,0
kích thước dọc tích tóc,0
kích thước tik tok,0
kết nối wifi thông qua địa chỉ MAC,0
ldqwc,0
lich am,0
lich am,0
lien quan mobile,0
lien quan mobile hight FL,0
liquipedia lien quan,0
liquipedia pubg mobile,0
live tiktok studio,0
liên quân mobile bru. vs vfc,0
làm sao để tên file phân biệt chữ hoa chữ thường khi giải nén bằng zip,0
làm sao để tên file phân biệt chữ hoa chữ thường khi giải nén bằng zip,0
làm video AI từ văn bản,0
lập trình viên gà gọi là gì,0
lập trình viên gà gọi là gì,0
lọc âm thanh trên obs studio,0
lỗi tin cậy khi kết nối sql với visual studio,0
lỗi tin cậy khi kết nối sql với visual studio,0
mail,0
mail,0
mong muốn trên cv,0
mowr remost dessttop,0
mowr remost dessttop,0
msi,0
my.vnpt,0
my.vnpt,0
mytv,0
mẫu form đăng nhập html đẹp,0
mở cổng 22,0
mở cổng 22,0
mở cổng 22 trong win 10,0
netbean download,0
netbean download,0
ngu,0
ngu hanh kpah,0
ngũ hành hpah,0
ngũ hành kpah,0
nhân bản jar kpah,0
node js download,0
node red,0
node red,0
not find web application asp.net visual studio 2022,0
nssm install windows service,0
obs studio download,0
obs studio download,0
pdf to word,0
pdf to word,0
phimmoi,0
procedures là gì,0
putty download,0
putty download,0
pycharm,0
pycharm,0
rar giải nén,0
rar giải nén,0
raspberry pi,0
raspberry pi,0
raspberry pi download,0
raspberry pi download,0
recaf java,0
recaf java,0
recaf java downloads,0
restream tiktok,0
root máy android,0
root máy android,0
root máy android,0
share code uk,0
sharecode.vn,0
socket://http://sv.naska.com.vn/allsv.txt,0
socket://new.hiepkhach.me,0
socket://new.hiepkhach.me,0
starUML,0
sử dụng node red,0
sửa sql sever cho phép lưu chỉnh sửa bảng,0
thêm data cho kiểu dữ liệu image trong sql server ,0
tikok fptdurian,0
tiktok,0
tiktok,0
tool hỗ trợ đồng bộ thao tác,0
top 2 giải thưởng FFWS SEA Spring 2024,0
top 2 giải thưởng FFWS SEA Spring 2024,0
top 2 giải thưởng FFWS SEA Spring 2024,0
top 2 giải thưởng FFWS SEA Spring 2024,0
top 2 giải thưởng FFWS SEA Spring 2024,0
top cv,0
top cv,0
top cv,0
translate,0
translate,0
tuongtaccheo,0
tuongtaccheo,0
tác nhân trong,0
tác nhân trong và tác nhận ngoài,0
tạo mk random mật khẩu,0
tạo mk random mật khẩu,0
tạo mã qr miễn phí,0
tạo tên miền free,0
tạo tên miền free,0
tạo video truyện tranh,0
tạo video truyện tranh AI,0
tạo ảnh bìa youtube 2048x1152,0
tải emulator,0
tải emulator,0
tắt hiển thị ứng dụng trên desktop,0
ultraviewer,0
use node red in home assistant,0
use node red in home assistant,0
visual studio 2022,0
visual studio 2022,0
viện bệnh viện,0
vmware workstation 17,0
vmware workstation 17,0
w3 html,0
w3school,0
w3school,0
weather api key,0
winscp download,0
word to pdf,0
word to pdf,0
word to pdf,0
word to pdf,0
xem mật khẩu wifi đã lưu trên android,0
xem mật khẩu wifi đã lưu trên android vivo,0
xuyên không có hệ thống chia đều,0
xuyên không có hệ thống cùi,0
xóa phông,0
y8,0
ý,0
ý,0
zalo,0
zalo,0
zalo web,0
zalo web,0
Đề tài liên quan FastAPI,0
Đồ uống,0
Đồ uống%0A%0A,0
"Đồ án  fastapi py , node-red",0
Đổi tên hiển thị đăng nhập máy tính win 10,0
Đổi tên hiển thị đăng nhập máy tính win 10,0
đo tốc độ mạng,0
đưa project lên github,0
đưa project lên github pycharm,0
đặt java home cho raspbery oy,0
đặt java home cho raspbery oy,0
đặt tên trên hệ điều hành linux,0
đặt tên trên hệ điều hành linux,0
ảnh bìa fb đẹp,0
⦁ Không sao đâu,0
⦁ 겁다,0
⦁ 사과해주세요.,0
⦁%09Bên phải%0A,0
⦁%09Bệnh viện%0A,0
⦁%09Nhà%0A,0
⦁%09Đồ uống%0A%0A,0
⦁%09사과 세%09주세요.%0A,0
⦁%09신발장%0A,0
⦁%09싱겁다,0
⦁%09싱겁다,0
⦁%09종업원%0A,0
网站点击次数前20,0
"개, 명, 마리, 잔, 권,  병, 켤레%0A⦁%09사과 세%09......주세요.%0A⦁%09어제 저는 치마 두 …………하고 책 한%09을/를 샀어요.%0A⦁%09아주머니, 저피 한………… 하고 콜라 세%09주세요.%0A⦁%09영수씨는 자동차 한%09을/를 사고 싶어 합니다.%0A⦁%09지난 주말에 개 두%09을/를 봤어요.%0A⦁%09남씨는 동대문 시장에서 구두 한%09샀어요.%0A",0
"개, 명, 마리, 잔, 권, , 병, 켤레%0A⦁%09사과 세%09......주세요.%0A⦁%09어제 저는 치마 두 …………하고 책 한%09을/를 샀어요.%0A⦁%09아주머니, 저피 한………… 하고 콜라 세%09주세요.%0A⦁%09영수씨는 자동차 한%09을/를 사고 싶어 합니다.%0A⦁%09지난 주말에 개 두%09을/를 봤어요.%0A⦁%09남씨는 동대문 시장에서 구두 한%09샀어요.%0A",0
"개, 명, 마리, 잔, 권, ,대 병, 켤레%0A⦁%09사과 세%09......주세요.%0A⦁%09어제 저는 치마 두 …………하고 책 한%09을/를 샀어요.%0A⦁%09아주머니, 저피 한………… 하고 콜라 세%09주세요.%0A⦁%09영수씨는 자동차 한%09을/를 사고 싶어 합니다.%0A⦁%09지난 주말에 개 두%09을/를 봤어요.%0A⦁%09남씨는 동대문 시장에서 구두 한%09샀어요.%0A",0
"개, 명, 마리, 잔, 권, 대 병, 켤레%0A⦁%09사과 세%09......주세요.%0A⦁%09어제 저는 치마 두 …………하고 책 한%09을/를 샀어요.%0A⦁%09아주머니, 저피 한………… 하고 콜라 세%09주세요.%0A⦁%09영수씨는 자동차 한%09을/를 사고 싶어 합니다.%0A⦁%09지난 주말에 개 두%09을/를 봤어요.%0A⦁%09남씨는 동대문 시장에서 구두 한%09샀어요.%0A",0
"개, 명, 마리, 잔, 권, 대, 병, 켤레%0A⦁%09사과 세%09......주세요.%0A⦁%09어제 저는 치마 두 …………하고 책 한%09을/를 샀어요.%0A⦁%09아주머니, 저피 한………… 하고 콜라 세%09주세요.%0A⦁%09영수씨는 자동차 한%09을/를 사고 싶어 합니다.%0A⦁%09지난 주말에 개 두%09을/를 봤어요.%0A⦁%09남씨는 동대문 시장에서 구두 한%09샀어요.%0A",0
"개, 명, 마리, 잔, 권, 대, 병, 켤레%0A⦁%09사과 세%09.....주세요.%0A⦁%09어제 저는 치마 두 …………하고 책 한%09을/를 샀어요.%0A⦁%09아주머니, 저피 한………… 하고 콜라 세%09주세요.%0A⦁%09영수씨는 자동차 한%09을/를 사고 싶어 합니다.%0A⦁%09지난 주말에 개 두%09을/를 봤어요.%0A⦁%09남씨는 동대문 시장에서 구두 한%09샀어요.%0A",0
"개, 명, 마리, 잔, 권, 대, 병, 켤레%0A⦁%09사과 세%09....주세요.%0A⦁%09어제 저는 치마 두 …………하고 책 한%09을/를 샀어요.%0A⦁%09아주머니, 저피 한………… 하고 콜라 세%09주세요.%0A⦁%09영수씨는 자동차 한%09을/를 사고 싶어 합니다.%0A⦁%09지난 주말에 개 두%09을/를 봤어요.%0A⦁%09남씨는 동대문 시장에서 구두 한%09샀어요.%0A",0
"개, 명, 마리, 잔, 권, 대, 병, 켤레%0A⦁%09사과 세%09...주세요.%0A⦁%09어제 저는 치마 두 …………하고 책 한%09을/를 샀어요.%0A⦁%09아주머니, 저피 한………… 하고 콜라 세%09주세요.%0A⦁%09영수씨는 자동차 한%09을/를 사고 싶어 합니다.%0A⦁%09지난 주말에 개 두%09을/를 봤어요.%0A⦁%09남씨는 동대문 시장에서 구두 한%09샀어요.%0A",0
"개, 명, 마리, 잔, 권, 대, 병, 켤레%0A⦁%09사과 세%09..주세요.%0A⦁%09어제 저는 치마 두 …………하고 책 한%09을/를 샀어요.%0A⦁%09아주머니, 저피 한………… 하고 콜라 세%09주세요.%0A⦁%09영수씨는 자동차 한%09을/를 사고 싶어 합니다.%0A⦁%09지난 주말에 개 두%09을/를 봤어요.%0A⦁%09남씨는 동대문 시장에서 구두 한%09샀어요.%0A",0
"개, 명, 마리, 잔, 권, 대, 병, 켤레%0A⦁%09사과 세%09.주세요.%0A⦁%09어제 저는 치마 두 …………하고 책 한%09을/를 샀어요.%0A⦁%09아주머니, 저피 한………… 하고 콜라 세%09주세요.%0A⦁%09영수씨는 자동차 한%09을/를 사고 싶어 합니다.%0A⦁%09지난 주말에 개 두%09을/를 봤어요.%0A⦁%09남씨는 동대문 시장에서 구두 한%09샀어요.%0A",0
"개, 명, 마리, 잔, 권, 대, 병, 켤레%0A⦁%09사과 세%09주세요.%0A⦁%09어제 저는 치마 두 …………하고 책 한%09을/를 샀어요.%0A⦁%09아주머니, 저피 한………… 하고 콜라 세%09주세요.%0A⦁%09영수씨는 자동차 한%09을/를 사고 싶어 합니다.%0A⦁%09지난 주말에 개 두%09을/를 봤어요.%0A⦁%09남씨는 동대문 시장에서 구두 한%09샀어요.%0A",0
"개, 명, 마리, 잔, 권, 대, 병, 켤레%0A⦁%09사과 세대 주세요.%0A⦁%09어제 저는 치마 두 …………하고 책 한%09을/를 샀어요.%0A⦁%09아주머니, 저피 한………… 하고 콜라 세%09주세요.%0A⦁%09영수씨는 자동차 한%09을/를 사고 싶어 합니다.%0A⦁%09지난 주말에 개 두%09을/를 봤어요.%0A⦁%09남씨는 동대문 시장에서 구두 한%09샀어요.%0A",0
"개, 명, 마리, 잔, 권, 대, 병, 켤레%0A⦁%09사과 세대주세요.%0A⦁%09어제 저는 치마 두 …………하고 책 한%09을/를 샀어요.%0A⦁%09아주머니, 저피 한………… 하고 콜라 세%09주세요.%0A⦁%09영수씨는 자동차 한%09을/를 사고 싶어 합니다.%0A⦁%09지난 주말에 개 두%09을/를 봤어요.%0A⦁%09남씨는 동대문 시장에서 구두 한%09샀어요.%0A",0
"개, 명, 마리, 잔, 권, 대, 병, 켤레%0A⦁%09사과 세주세요.%0A⦁%09어제 저는 치마 두 …………하고 책 한%09을/를 샀어요.%0A⦁%09아주머니, 저피 한………… 하고 콜라 세%09주세요.%0A⦁%09영수씨는 자동차 한%09을/를 사고 싶어 합니다.%0A⦁%09지난 주말에 개 두%09을/를 봤어요.%0A⦁%09남씨는 동대문 시장에서 구두 한%09샀어요.%0A",0
버스 정류장,0
신발장%0A%0A,0
싱겁다%0A,0
종업원%0A,0
종업원%0A%0A,0
지하철역,0
